,Country,League,H_team,A_team,Date,Time,FTHG,FTAG,HT1HG,HT1AG,HT2HG,HT2AG,HO_10x10bet,DO_10x10bet,AO_10x10bet,HC_10x10bet,DC_10x10bet,AC_10x10bet,HO_1xBet,DO_1xBet,AO_1xBet,HC_1xBet,DC_1xBet,AC_1xBet,HO_bet-at-home,DO_bet-at-home,AO_bet-at-home,HC_bet-at-home,DC_bet-at-home,AC_bet-at-home,HO_bet365,DO_bet365,AO_bet365,HC_bet365,DC_bet365,AC_bet365,HO_Betfair,DO_Betfair,AO_Betfair,HC_Betfair,DC_Betfair,AC_Betfair,HO_Betsson,DO_Betsson,AO_Betsson,HC_Betsson,DC_Betsson,AC_Betsson,HO_bwin,DO_bwin,AO_bwin,HC_bwin,DC_bwin,AC_bwin,HO_ComeOn,DO_ComeOn,AO_ComeOn,HC_ComeOn,DC_ComeOn,AC_ComeOn,HO_Coolbet,DO_Coolbet,AO_Coolbet,HC_Coolbet,DC_Coolbet,AC_Coolbet,HO_Curebet,DO_Curebet,AO_Curebet,HC_Curebet,DC_Curebet,AC_Curebet,HO_Ditobet,DO_Ditobet,AO_Ditobet,HC_Ditobet,DC_Ditobet,AC_Ditobet,HO_GGBET,DO_GGBET,AO_GGBET,HC_GGBET,DC_GGBET,AC_GGBET,HO_Interwetten,DO_Interwetten,AO_Interwetten,HC_Interwetten,DC_Interwetten,AC_Interwetten,HO_Lasbet,DO_Lasbet,AO_Lasbet,HC_Lasbet,DC_Lasbet,AC_Lasbet,HO_Marathonbet,DO_Marathonbet,AO_Marathonbet,HC_Marathonbet,DC_Marathonbet,AC_Marathonbet,HO_N1Bet,DO_N1Bet,AO_N1Bet,HC_N1Bet,DC_N1Bet,AC_N1Bet,HO_Pinnacle,DO_Pinnacle,AO_Pinnacle,HC_Pinnacle,DC_Pinnacle,AC_Pinnacle,HO_Unibet,DO_Unibet,AO_Unibet,HC_Unibet,DC_Unibet,AC_Unibet,HO_VOBET,DO_VOBET,AO_VOBET,HC_VOBET,DC_VOBET,AC_VOBET,HO_WilliamHill,DO_WilliamHill,AO_WilliamHill,HC_WilliamHill,DC_WilliamHill,AC_WilliamHill,HO_BetfairExchange,DO_BetfairExchange,AO_BetfairExchange,HC_BetfairExchange,DC_BetfairExchange,AC_BetfairExchange,HO_Matchbook,DO_Matchbook,AO_Matchbook,HC_Matchbook,DC_Matchbook,AC_Matchbook,HO_Smarkets,DO_Smarkets,AO_Smarkets,HC_Smarkets,DC_Smarkets,AC_Smarkets,HO_Ladbrokes,DO_Ladbrokes,AO_Ladbrokes,HC_Ladbrokes,DC_Ladbrokes,AC_Ladbrokes,HO_BC.Game,DO_BC.Game,AO_BC.Game,HC_BC.Game,DC_BC.Game,AC_BC.Game
0,italy,serie-a,Juventus,Empoli,2022-10-21,19:45:00,4,0,1,0,3,0,1.48,4.6,7.3,1.4,5.0,8.4,1.38,5.5,8.9,1.38,5.38,8.18,1.34,5.0,8.2,1.37,5.0,7.8,1.45,4.5,6.5,1.36,5.25,7.5,1.44,4.33,6.0,1.33,4.75,8.5,1.52,4.45,5.9,1.35,4.9,9.3,1.49,4.4,6.25,1.37,5.0,8.0,1.43,4.0,6.75,1.35,5.0,8.5,1.48,4.5,7.55,1.4,5.15,8.5,1.48,4.6,7.3,1.4,5.0,8.4,1.47,4.6,7.1,1.4,5.0,8.2,1.49,4.58,6.78,1.39,5.03,8.6,1.5,4.4,6.25,1.43,4.8,7.25,1.49,4.7,7.4,1.41,5.1,8.5,1.49,4.45,6.5,1.34,5.25,8.8,1.29,5.29,9.63,1.38,5.13,8.18,1.33,5.69,10.43,1.38,5.2,9.0,1.45,4.35,7.0,1.4,4.9,7.5,1.49,4.7,7.4,1.41,5.1,8.5,1.5,4.2,6.5,1.35,5.0,8.5,1.32,3.09,1.18,1.38,5.09,9.55,1.46,3.97,6.54,1.39,5.26,10.41,1.41,4.04,5.9,1.37,5.21,10.8,,,,,,,,,,,,
1,italy,serie-a,Salernitana,Spezia,2022-10-22,14:00:00,1,0,0,0,1,0,1.96,3.66,4.1,2.16,3.36,3.7,2.04,3.58,4.04,2.2,3.48,3.62,1.94,3.4,3.85,2.12,3.35,3.45,1.95,3.5,3.75,2.15,3.4,3.5,1.91,3.5,3.8,2.05,3.3,3.6,1.95,3.55,3.95,2.12,3.35,3.55,1.93,3.6,3.75,2.1,3.4,3.4,2.0,3.4,3.5,2.15,3.3,3.5,2.1,3.55,3.65,2.2,3.35,3.65,1.96,3.66,4.1,2.16,3.36,3.7,1.94,3.61,4.0,2.15,3.32,3.66,1.94,3.72,4.0,2.13,3.37,3.73,2.15,3.45,3.4,2.15,3.35,3.5,1.97,3.7,4.1,2.18,3.39,3.74,1.93,3.66,3.88,2.17,3.35,3.44,1.94,3.41,3.83,2.16,3.41,3.53,1.93,3.43,4.06,2.23,3.41,3.63,2.05,3.45,3.6,2.12,3.3,3.6,1.97,3.7,4.1,2.18,3.39,3.74,1.95,3.5,3.9,2.15,3.25,3.5,1.53,2.31,2.35,2.14,3.33,3.61,1.99,3.28,3.28,2.25,3.38,3.67,1.94,3.01,3.11,2.22,3.35,3.65,,,,,,,,,,,,
2,italy,serie-a,ACMilan,Monza,2022-10-22,17:00:00,4,1,2,0,2,1,1.39,5.2,8.6,1.48,4.5,7.6,1.19,8.6,17.0,1.48,4.65,7.15,1.21,6.2,12.0,1.46,4.6,6.4,1.4,5.0,6.5,1.45,4.5,6.5,1.17,6.5,14.0,1.44,4.33,7.0,1.21,6.4,14.5,1.47,4.45,6.9,1.22,6.75,12.5,1.47,4.5,6.75,1.34,4.65,7.75,1.45,4.4,7.0,1.4,5.2,8.25,1.49,4.45,7.5,1.39,5.2,8.6,1.5,4.5,7.3,1.38,5.1,8.4,1.47,4.4,7.5,1.4,5.06,8.12,1.44,4.72,7.91,1.4,5.0,7.75,1.45,4.7,6.75,1.4,5.3,8.7,1.45,4.8,8.1,1.39,5.05,7.6,1.45,4.6,7.0,1.18,6.75,13.51,1.5,4.6,6.47,1.4,4.77,7.08,1.48,4.53,7.69,1.36,4.85,8.5,1.45,4.4,7.5,1.4,5.3,8.7,1.51,4.5,7.4,1.38,4.4,9.0,1.44,4.33,7.0,1.04,1.01,1.04,1.48,4.42,8.03,1.33,4.86,8.52,1.49,4.66,8.33,1.36,4.92,8.25,1.47,4.63,8.25,,,,,,,,,,,,
3,italy,serie-a,Fiorentina,Inter,2022-10-22,19:45:00,3,4,1,2,2,2,3.15,3.79,2.23,3.47,3.45,2.21,3.78,3.74,2.06,3.74,3.5,2.1,3.6,3.55,1.96,3.25,3.45,2.16,3.3,3.4,2.15,3.2,3.4,2.2,3.4,3.5,2.05,3.3,3.3,2.15,3.05,3.7,2.18,3.2,3.45,2.22,3.1,3.6,2.15,3.25,3.4,2.2,3.2,3.3,2.1,3.35,3.35,2.2,3.35,3.7,2.18,3.3,3.45,2.33,3.15,3.79,2.23,3.47,3.45,2.21,3.12,3.75,2.21,3.45,3.41,2.19,3.14,3.86,2.18,3.39,3.42,2.24,3.35,3.4,2.2,3.3,3.4,2.2,3.18,3.83,2.25,3.39,3.53,2.26,3.13,3.66,2.19,3.28,3.58,2.15,3.6,3.63,1.93,3.27,3.43,2.26,3.78,3.82,2.01,3.37,3.44,2.31,3.2,3.6,2.15,3.3,3.4,2.2,3.18,3.83,2.25,3.51,3.5,2.23,3.1,3.5,2.2,3.4,3.3,2.15,2.06,2.39,1.64,3.33,3.33,2.27,3.03,3.38,2.05,3.38,3.43,2.37,3.3,3.6,2.14,3.4,3.4,2.31,,,,,,,,,,,,
4,italy,serie-a,Udinese,Torino,2022-10-23,11:30:00,1,2,1,1,0,1,2.1,3.41,3.84,1.96,3.45,4.33,2.26,3.36,3.62,1.93,3.48,4.41,2.15,3.2,3.45,1.95,3.35,4.0,2.0,3.4,3.75,1.95,3.4,4.0,2.1,3.4,3.4,1.95,3.25,4.2,2.18,3.35,3.35,1.98,3.35,3.95,1.98,3.6,3.7,1.95,3.25,4.2,2.2,3.1,3.2,1.95,3.35,4.2,2.2,3.4,3.55,1.98,3.4,4.35,2.1,3.41,3.84,1.96,3.45,4.33,2.08,3.38,3.8,1.95,3.39,4.3,2.08,3.61,3.6,1.97,3.27,4.5,2.25,3.3,3.25,1.95,3.4,4.1,2.11,3.45,3.89,1.98,3.47,4.4,2.08,3.54,3.5,1.96,3.38,4.1,2.11,3.3,3.4,1.98,3.45,4.1,2.19,3.47,3.61,2.03,3.42,4.2,2.25,3.15,3.45,1.98,3.25,4.2,2.11,3.45,3.89,1.98,3.47,4.4,1.95,3.5,3.8,1.95,3.3,4.2,1.64,2.18,2.16,1.99,3.38,4.23,2.05,3.13,3.28,2.05,3.48,4.27,2.06,3.25,3.89,2.02,3.45,4.23,,,,,,,,,,,,
5,italy,serie-a,Bologna,Lecce,2022-10-23,14:00:00,2,0,2,0,0,0,2.25,3.31,3.53,2.25,3.15,3.72,2.14,3.46,3.86,2.15,3.24,3.88,2.17,3.3,3.3,2.18,3.1,3.6,2.25,3.3,3.2,2.1,3.25,3.75,2.15,3.4,3.25,2.2,3.0,3.6,2.18,3.35,3.35,2.15,3.15,3.65,2.3,3.3,3.1,2.2,3.1,3.6,2.15,3.2,3.3,2.2,3.1,3.65,2.28,3.35,3.4,2.25,3.15,3.75,2.25,3.31,3.53,2.25,3.15,3.72,2.23,3.28,3.5,2.23,3.12,3.68,2.17,3.52,3.46,2.25,3.11,3.71,2.2,3.4,3.35,2.25,3.15,3.55,2.27,3.35,3.57,2.27,3.18,3.76,2.16,3.48,3.34,2.12,3.22,3.74,2.2,3.3,3.19,2.17,3.19,3.75,2.19,3.27,3.41,2.23,3.16,3.89,2.2,3.2,3.5,2.25,3.05,3.6,2.27,3.35,3.57,2.27,3.18,3.76,2.4,3.2,3.0,2.15,3.1,3.7,1.04,1.01,1.04,2.18,3.09,3.85,,,,,,,2.25,3.11,3.5,2.2,3.16,3.94,,,,,,,,,,,,
6,italy,serie-a,Atalanta,Lazio,2022-10-23,17:00:00,0,2,0,1,0,1,2.14,3.71,3.41,2.06,3.6,3.73,2.18,3.72,3.46,1.98,3.71,3.88,2.07,3.55,3.3,2.05,3.45,3.55,2.15,3.4,3.3,2.0,3.6,3.5,2.0,3.8,3.2,2.0,3.5,3.6,2.08,3.7,3.35,2.08,3.55,3.45,2.05,3.75,3.25,2.05,3.5,3.5,2.1,3.35,3.25,2.05,3.45,3.6,2.04,3.75,3.7,2.1,3.5,3.75,2.14,3.71,3.41,2.06,3.6,3.73,2.12,3.67,3.39,2.05,3.56,3.69,2.11,3.81,3.35,2.05,3.53,3.78,2.15,3.5,3.35,2.05,3.6,3.5,2.15,3.75,3.47,2.08,3.64,3.78,2.05,3.8,3.34,2.09,3.75,3.9,2.07,3.55,3.28,2.06,3.67,3.55,1.87,4.02,4.17,2.11,3.49,3.81,2.15,3.55,3.25,1.98,3.55,3.75,2.15,3.75,3.47,2.08,3.64,3.78,2.05,3.6,3.4,2.0,3.5,3.6,1.6,2.37,2.14,2.05,3.52,3.8,1.9,3.52,3.33,2.09,3.62,3.92,1.98,3.7,3.79,2.12,3.55,3.89,,,,,,,,,,,,
7,italy,serie-a,ASRoma,Napoli,2022-10-23,19:45:00,0,1,0,0,0,1,2.67,3.66,2.61,3.25,3.47,2.3,2.36,3.56,3.2,3.52,3.57,2.14,2.25,3.4,3.05,3.0,3.4,2.29,2.75,3.4,2.5,3.1,3.5,2.25,2.63,3.5,2.4,3.0,3.25,2.25,2.65,3.7,2.48,3.05,3.55,2.28,2.65,3.4,2.55,3.0,3.4,2.3,2.9,3.25,2.3,3.1,3.4,2.3,3.05,3.55,2.4,3.4,3.4,2.29,2.67,3.66,2.61,3.25,3.47,2.3,2.65,3.62,2.59,3.23,3.45,2.28,2.74,3.53,2.59,3.08,3.5,2.36,2.9,3.35,2.45,3.05,3.45,2.3,2.7,3.7,2.64,3.29,3.51,2.32,2.79,3.5,2.47,3.38,3.5,2.38,2.22,3.47,3.01,3.09,3.49,2.33,2.14,3.58,3.63,3.33,3.4,2.34,2.9,3.35,2.43,3.15,3.45,2.25,2.7,3.7,2.64,3.29,3.51,2.32,2.7,3.3,2.6,3.3,3.3,2.2,1.77,2.08,1.75,3.18,3.33,2.35,2.88,3.28,2.21,3.38,3.43,2.35,2.9,3.65,2.37,3.35,3.4,2.29,,,,,,,,,,,,
8,italy,serie-a,Cremonese,Sampdoria,2022-10-24,17:30:00,0,1,0,0,0,1,2.5,3.18,3.18,2.21,3.38,3.53,2.76,3.36,2.81,2.32,3.4,3.27,2.45,3.3,2.8,2.17,3.3,3.4,2.37,3.3,2.9,2.15,3.3,3.4,2.4,3.3,2.8,2.25,3.1,3.3,2.45,3.45,2.8,2.12,3.45,3.45,2.4,3.3,2.95,2.15,3.3,3.4,2.4,3.05,2.95,2.2,3.3,3.4,2.5,3.3,3.05,2.26,3.4,3.45,2.5,3.18,3.18,2.36,3.26,3.35,2.48,3.14,3.14,2.28,3.28,3.37,2.4,3.44,3.06,2.29,3.31,3.37,2.4,3.25,3.0,2.2,3.3,3.4,2.52,3.21,3.21,2.32,3.35,3.45,2.44,3.42,2.88,2.19,3.28,3.48,2.43,3.26,2.84,2.21,3.37,3.45,2.23,3.24,3.35,2.22,3.41,3.58,2.45,3.15,3.1,2.14,3.2,3.7,2.52,3.21,3.21,2.35,3.35,3.38,2.55,3.1,2.88,2.25,3.2,3.3,1.04,1.01,1.04,2.2,3.33,3.52,2.31,3.08,2.82,2.27,3.48,3.57,2.41,3.25,2.88,2.23,3.4,3.55,,,,,,,,,,,,
9,italy,serie-a,Sassuolo,Verona,2022-10-24,19:45:00,2,1,1,1,1,0,2.09,3.47,3.79,2.11,3.61,3.58,2.17,3.56,3.66,2.16,3.68,3.37,2.03,3.45,3.5,2.22,3.5,3.1,1.95,3.5,4.0,2.2,3.6,3.1,2.0,3.5,3.4,2.15,3.5,3.1,2.12,3.45,3.45,2.22,3.65,3.05,2.0,3.7,3.5,2.2,3.5,3.1,1.95,3.35,3.65,2.25,3.5,3.1,2.06,3.6,3.75,2.24,3.65,3.25,2.09,3.47,3.79,2.26,3.66,3.18,2.07,3.45,3.75,2.26,3.58,3.14,1.97,3.85,3.72,2.06,3.57,3.73,2.0,3.6,3.6,2.25,3.55,3.15,2.11,3.52,3.83,2.13,3.65,3.62,2.02,3.62,3.62,2.22,3.52,3.18,2.03,3.46,3.48,2.26,3.58,3.15,2.16,3.66,3.5,2.31,3.63,3.18,2.0,3.45,3.7,2.17,3.55,3.25,2.11,3.52,3.83,2.28,3.7,3.21,1.8,3.7,4.2,2.2,3.4,3.25,1.04,1.01,1.04,2.27,3.61,3.14,1.93,3.48,3.28,2.33,3.72,3.23,1.91,3.6,3.74,2.31,3.7,3.21,,,,,,,,,,,,
10,italy,serie-a,Napoli,Sassuolo,2022-10-29,14:00:00,4,0,3,0,1,0,1.4,5.1,8.2,1.28,6.5,10.0,1.37,5.7,8.9,1.28,6.49,10.2,1.34,5.0,7.8,1.27,6.2,9.0,1.36,5.0,7.5,1.28,5.75,9.0,1.3,5.5,7.5,1.22,6.0,10.0,1.37,5.4,7.3,1.25,6.4,10.5,1.41,5.0,7.0,1.28,6.25,9.25,1.31,5.0,7.75,1.25,6.5,9.5,1.37,5.5,8.4,1.3,6.5,9.5,1.4,5.1,8.2,1.28,6.5,10.0,1.4,5.0,8.0,1.27,6.3,10.0,1.35,5.35,8.15,1.3,6.09,9.65,1.37,5.25,7.75,1.27,6.5,9.5,1.41,5.2,8.3,1.29,6.6,11.0,1.39,5.05,7.6,1.31,6.85,10.75,1.34,5.09,7.76,1.28,6.49,9.33,1.35,5.11,7.78,1.31,6.25,9.5,1.35,5.2,8.5,1.27,6.25,9.5,1.41,5.2,8.3,1.29,6.6,11.0,1.35,5.0,8.5,1.24,6.0,11.0,1.04,1.01,1.04,1.29,6.32,10.5,1.33,4.96,8.13,1.31,6.54,10.41,1.31,5.12,8.06,1.3,6.29,9.82,,,,,,,,,,,,
11,italy,serie-a,Lecce,Juventus,2022-10-29,17:00:00,0,1,0,0,0,1,5.0,3.52,1.84,3.78,3.2,2.21,5.3,3.58,1.82,4.22,3.28,2.05,5.0,3.45,1.72,3.75,3.25,2.06,4.5,3.5,1.8,3.75,3.2,2.1,4.5,3.5,1.75,3.75,3.0,2.1,4.65,3.7,1.75,3.7,3.2,2.12,4.1,3.75,1.83,3.7,3.2,2.1,4.6,3.4,1.74,3.7,3.15,2.15,5.15,3.65,1.78,3.9,3.2,2.18,5.0,3.52,1.84,3.78,3.2,2.21,4.9,3.47,1.82,3.74,3.17,2.19,4.45,3.66,1.81,3.84,3.17,2.18,4.6,3.55,1.8,3.75,3.2,2.1,5.0,3.56,1.85,3.83,3.23,2.22,4.7,3.72,1.76,3.8,3.38,2.04,5.01,3.47,1.72,3.73,3.23,2.16,4.39,3.34,1.88,3.94,3.25,2.17,4.9,3.55,1.75,3.85,3.2,2.08,5.0,3.56,1.85,3.83,3.23,2.22,4.5,3.4,1.83,3.8,3.1,2.1,1.24,2.56,1.51,5.37,3.57,1.77,4.76,3.38,1.65,4.07,3.23,2.17,5.21,3.55,1.75,4.04,3.16,2.18,,,,,,,,,,,,
12,italy,serie-a,Inter,Sampdoria,2022-10-29,19:45:00,3,0,2,0,1,0,1.27,6.3,12.0,1.23,6.9,14.0,1.23,7.4,14.0,1.22,7.08,14.3,1.17,7.0,15.0,1.2,6.8,12.0,1.25,6.0,10.0,1.2,7.0,15.0,1.2,6.5,11.0,1.18,6.5,14.0,1.23,6.8,10.5,1.19,6.9,14.5,1.28,6.0,9.5,1.21,7.0,13.5,1.23,5.75,9.25,1.2,7.0,13.0,1.28,6.0,12.0,1.23,7.0,13.5,1.27,6.3,12.0,1.23,6.9,14.0,1.26,6.2,12.0,1.22,6.8,14.0,1.26,5.94,11.14,1.24,6.47,13.07,1.27,6.0,11.0,1.22,6.75,13.0,1.28,6.5,12.0,1.23,7.1,14.0,1.27,5.95,10.75,1.19,7.2,14.0,1.17,6.91,14.66,1.21,7.19,13.54,1.2,7.61,16.25,1.21,7.18,15.13,1.25,6.0,12.0,1.22,6.25,13.0,1.28,6.5,12.0,1.23,7.1,14.0,1.24,5.8,12.0,1.2,6.5,15.0,1.04,1.01,1.04,1.25,6.51,13.35,1.16,5.85,11.89,1.23,7.34,17.34,1.22,5.8,9.82,1.23,7.27,16.68,,,,,,,,,,,,
13,italy,serie-a,Empoli,Atalanta,2022-10-30,11:30:00,0,2,0,1,0,1,4.75,4.1,1.74,4.8,3.92,1.76,3.78,3.84,2.03,4.96,3.9,1.74,3.6,3.7,1.91,4.6,3.55,1.78,4.0,3.8,1.8,4.75,3.8,1.7,3.9,4.0,1.75,4.75,3.75,1.73,4.65,4.4,1.65,4.45,3.95,1.75,4.5,4.33,1.66,4.4,3.9,1.75,4.3,3.7,1.71,4.6,3.9,1.71,4.45,4.0,1.8,4.8,3.9,1.78,4.75,4.1,1.74,4.7,3.9,1.78,4.7,4.0,1.73,4.75,3.87,1.75,4.46,4.05,1.73,4.64,4.1,1.74,4.2,3.9,1.8,4.4,3.85,1.77,4.8,4.1,1.76,4.75,3.95,1.8,4.4,4.15,1.72,4.33,4.1,1.74,3.6,3.71,1.91,4.54,4.04,1.75,3.79,3.91,1.99,5.22,4.0,1.71,4.5,3.9,1.75,4.4,3.85,1.76,4.8,4.1,1.76,4.9,3.97,1.78,4.6,3.9,1.7,4.4,3.9,1.73,1.21,2.81,1.49,4.52,3.85,1.81,4.07,3.67,1.7,5.26,4.07,1.74,4.23,3.65,1.78,5.12,3.94,1.74,,,,,,,,,,,,
14,italy,serie-a,Spezia,Fiorentina,2022-10-30,14:00:00,1,2,1,1,0,1,4.5,3.73,1.85,4.2,3.58,1.94,4.06,3.54,2.05,4.34,3.67,1.9,3.85,3.45,1.91,4.0,3.55,1.89,4.0,3.6,1.85,4.0,3.6,1.9,3.9,3.5,1.87,4.1,3.5,1.9,4.15,3.7,1.85,3.95,3.55,1.95,4.0,4.0,1.8,4.0,3.5,1.9,4.15,3.5,1.8,4.1,3.5,1.9,4.3,3.7,1.9,4.25,3.55,1.95,4.5,3.73,1.85,4.2,3.58,1.94,4.5,3.69,1.84,4.2,3.55,1.93,4.16,3.84,1.82,4.31,3.56,1.92,4.2,3.65,1.85,3.9,3.6,1.95,4.6,3.78,1.86,4.3,3.62,1.96,4.2,3.82,1.82,4.0,3.7,1.89,3.86,3.47,1.91,4.09,3.66,1.92,3.91,3.51,1.93,4.34,3.6,1.94,4.3,3.65,1.82,4.3,3.6,1.84,4.6,3.78,1.86,4.3,3.62,1.96,4.2,3.6,1.83,4.2,3.4,1.88,1.23,2.63,1.55,4.32,3.57,1.9,3.97,3.48,1.77,4.47,3.67,1.94,4.33,3.65,1.86,4.43,3.65,1.91,,,,,,,,,,,,
15,italy,serie-a,Cremonese,Udinese,2022-10-30,14:00:00,0,0,0,0,0,0,4.33,3.59,1.92,3.99,3.79,1.94,4.26,3.66,1.97,4.1,3.85,1.9,3.8,3.4,1.95,3.9,3.7,1.87,4.0,3.6,1.85,3.75,3.75,1.9,3.9,3.6,1.87,3.9,3.6,1.91,3.9,3.5,1.95,3.7,3.7,1.95,3.6,3.6,2.0,3.7,3.7,1.93,3.95,3.4,1.83,3.8,3.7,1.9,4.25,3.7,1.91,4.0,3.75,1.95,4.33,3.59,1.92,3.99,3.79,1.94,4.3,3.55,1.91,3.95,3.75,1.92,3.97,3.8,1.87,4.29,3.8,1.86,3.95,3.65,1.9,3.7,3.75,1.95,4.4,3.63,1.94,4.0,3.83,1.95,3.85,3.75,1.91,3.74,3.82,1.92,3.79,3.42,1.95,3.75,3.81,1.96,3.84,3.47,1.97,3.89,3.78,2.0,4.3,3.5,1.85,3.9,3.7,1.9,4.4,3.63,1.94,4.0,3.83,1.95,3.8,3.5,1.95,3.9,3.6,1.91,1.04,1.01,1.04,4.14,3.76,1.86,3.87,3.48,1.79,4.07,3.77,1.99,3.89,3.6,1.83,4.04,3.74,1.97,,,,,,,,,,,,
16,italy,serie-a,Lazio,Salernitana,2022-10-30,17:00:00,1,3,1,0,0,3,1.49,4.8,6.6,1.52,4.5,6.7,1.48,4.98,7.2,1.51,4.42,7.05,1.41,4.7,6.8,1.52,4.4,5.8,1.45,4.5,6.5,1.5,4.33,6.5,1.4,4.75,6.5,1.44,4.33,6.5,1.45,4.9,6.3,1.47,4.45,6.9,1.47,4.8,6.0,1.49,4.33,6.5,1.42,4.45,6.0,1.48,4.35,6.5,1.52,4.75,6.25,1.55,4.45,6.3,1.49,4.8,6.6,1.52,4.5,6.7,1.48,4.75,6.5,1.51,4.4,6.6,1.48,4.67,6.24,1.51,4.4,6.94,1.5,4.7,6.0,1.53,4.4,6.0,1.5,4.9,6.7,1.53,4.5,6.9,1.51,4.6,5.9,1.49,4.5,6.4,1.41,4.68,6.86,1.54,4.48,5.98,1.43,4.61,6.89,1.53,4.44,6.82,1.52,4.4,6.1,1.46,4.5,6.75,1.5,4.9,6.7,1.53,4.5,6.9,1.47,4.4,6.5,1.47,4.2,7.0,1.33,3.28,1.16,1.51,4.42,6.51,1.41,4.37,5.85,1.52,4.56,7.34,1.45,4.23,5.31,1.52,4.53,7.47,,,,,,,,,,,,
17,italy,serie-a,Torino,ACMilan,2022-10-30,19:45:00,2,1,2,0,0,1,3.85,3.47,2.08,3.87,3.37,2.11,3.46,3.36,2.33,4.29,3.3,2.02,3.75,3.45,1.95,3.75,3.3,2.05,3.75,3.25,2.05,3.8,3.25,2.1,3.8,3.5,1.91,3.75,3.2,2.05,3.7,3.55,1.98,3.7,3.35,2.08,3.5,3.6,2.0,3.6,3.25,2.1,3.55,3.2,2.05,3.8,3.3,2.05,3.6,3.4,2.18,3.95,3.35,2.1,3.85,3.47,2.08,3.9,3.39,2.09,3.8,3.41,2.06,3.82,3.33,2.09,3.7,3.53,2.02,3.82,3.37,2.1,3.7,3.3,2.1,3.75,3.25,2.1,3.89,3.5,2.09,3.94,3.41,2.11,3.58,3.52,2.06,4.05,3.42,2.15,3.24,3.24,2.21,3.81,3.33,2.1,3.29,3.29,2.24,3.94,3.38,2.11,3.8,3.3,2.05,3.8,3.3,2.05,3.89,3.5,2.09,3.91,3.4,2.12,3.7,3.4,2.0,4.0,3.2,2.0,3.38,3.09,1.94,3.66,3.28,2.18,3.48,3.08,2.01,3.97,3.43,2.13,3.65,3.25,2.14,3.94,3.4,2.12,,,,,,,,,,,,
18,italy,serie-a,Verona,ASRoma,2022-10-31,17:30:00,1,3,1,1,0,2,4.7,3.76,1.81,4.4,3.66,1.89,4.68,3.76,1.86,4.85,3.61,1.83,4.5,3.7,1.73,4.2,3.55,1.84,4.5,3.75,1.72,4.33,3.5,1.83,4.5,3.9,1.7,4.0,3.5,1.9,4.7,3.95,1.7,4.15,3.55,1.88,4.2,3.9,1.78,4.2,3.5,1.87,4.45,3.5,1.74,4.3,3.5,1.86,4.75,3.7,1.83,4.45,3.6,1.9,4.7,3.76,1.81,4.4,3.66,1.89,4.6,3.72,1.8,4.3,3.62,1.88,4.33,3.8,1.8,4.49,3.7,1.85,4.6,3.8,1.75,4.2,3.6,1.85,4.75,3.81,1.83,4.4,3.71,1.91,4.33,3.8,1.8,4.5,3.64,1.81,4.48,3.7,1.73,4.39,3.68,1.85,4.53,3.73,1.75,4.54,3.67,1.88,4.7,3.55,1.78,4.3,3.55,1.86,4.75,3.81,1.83,4.4,3.71,1.91,4.75,3.7,1.73,4.33,3.5,1.85,1.04,1.01,1.04,4.42,3.57,1.89,4.27,3.48,1.71,4.66,3.67,1.91,4.33,3.55,1.87,4.63,3.65,1.89,,,,,,,,,,,,
19,italy,serie-a,Monza,Bologna,2022-10-31,19:45:00,1,2,0,0,1,2,2.23,3.32,3.56,2.33,3.33,3.33,2.32,3.36,3.46,2.36,3.29,3.29,2.2,3.2,3.3,2.35,3.15,3.15,2.15,3.4,3.3,2.3,3.2,3.2,2.1,3.4,3.25,2.25,3.2,3.25,2.28,3.25,3.25,2.38,3.2,3.15,2.35,3.3,3.0,2.35,3.2,3.1,2.2,3.2,3.1,2.35,3.15,3.2,2.3,3.4,3.3,2.4,3.3,3.25,2.23,3.32,3.56,2.33,3.33,3.33,2.21,3.29,3.52,2.31,3.29,3.3,2.11,3.54,3.4,2.28,3.37,3.34,2.2,3.4,3.35,2.35,3.2,3.2,2.25,3.36,3.6,2.35,3.36,3.37,2.23,3.54,3.14,2.33,3.2,3.24,2.2,3.2,3.31,2.4,3.22,3.19,2.23,3.24,3.35,2.42,3.21,3.37,2.15,3.3,3.45,2.33,3.1,3.3,2.25,3.36,3.6,2.35,3.36,3.37,2.2,3.3,3.3,2.35,3.1,3.2,1.04,1.01,1.04,2.39,3.23,3.23,2.15,3.23,2.98,2.43,3.28,3.38,2.23,3.35,3.3,2.41,3.25,3.3,,,,,,,,,,,,
20,italy,serie-a,Udinese,Lecce,2022-11-04,19:45:00,1,1,0,1,1,0,1.56,4.3,6.5,1.63,3.9,6.2,1.56,4.54,6.45,1.67,3.91,5.74,1.48,4.3,6.2,1.64,3.8,5.4,1.57,4.0,5.75,1.65,3.8,5.25,1.47,4.2,6.5,1.62,3.75,5.5,1.49,4.45,6.4,1.68,3.7,5.45,1.5,4.4,6.25,1.62,3.8,5.75,1.51,3.9,6.0,1.62,3.65,6.0,1.55,4.0,7.5,1.64,3.9,6.15,1.56,4.3,6.5,1.63,3.9,6.2,1.55,4.2,6.4,1.62,3.85,6.2,1.58,4.11,5.81,1.63,3.91,6.0,1.6,4.0,5.75,1.67,3.7,5.5,1.57,4.33,6.6,1.64,3.95,6.3,1.57,4.2,5.75,1.64,3.94,5.4,1.48,4.25,6.21,1.66,3.89,5.56,1.46,4.27,6.89,1.65,3.91,6.17,1.55,4.0,6.0,1.61,3.85,5.8,1.57,4.33,6.6,1.64,3.95,6.3,1.57,4.0,5.8,1.62,3.8,5.5,1.04,1.01,1.04,1.65,3.8,6.13,1.5,3.77,5.65,1.68,3.87,6.35,1.57,4.04,5.8,1.67,3.79,6.29,,,,,,,,,,,,
21,italy,serie-a,Salernitana,Cremonese,2022-11-05,14:00:00,2,2,2,1,0,1,2.17,3.47,3.57,2.21,3.47,3.45,2.14,3.68,3.58,2.12,3.58,3.59,1.99,3.55,3.5,2.18,3.45,3.2,2.15,3.4,3.3,2.2,3.5,3.2,2.0,3.5,3.3,2.1,3.2,3.25,2.02,3.7,3.45,2.22,3.35,3.25,2.05,3.6,3.4,2.15,3.4,3.3,2.15,3.2,3.25,2.25,3.35,3.25,2.15,3.35,3.75,2.27,3.45,3.35,2.17,3.47,3.57,2.21,3.47,3.45,2.15,3.45,3.53,2.19,3.45,3.4,2.06,3.62,3.45,2.18,3.43,3.52,2.2,3.4,3.35,2.2,3.45,3.3,2.18,3.51,3.61,2.23,3.52,3.47,2.13,3.58,3.32,2.15,3.55,3.3,1.99,3.56,3.49,2.24,3.47,3.27,2.05,3.68,3.8,2.28,3.48,3.37,2.15,3.3,3.5,2.2,3.35,3.35,2.18,3.51,3.61,2.28,3.53,3.36,2.1,3.4,3.5,2.15,3.3,3.4,1.04,1.01,1.04,2.24,3.38,3.42,2.05,3.28,3.13,2.33,3.48,3.38,2.1,3.4,3.21,2.29,3.45,3.35,,,,,,,,,,,,
22,italy,serie-a,Empoli,Sassuolo,2022-11-05,14:00:00,1,0,0,0,1,0,3.0,3.45,2.47,3.25,3.65,2.23,3.01,3.58,2.48,3.5,3.5,2.17,3.0,3.45,2.23,3.1,3.55,2.19,2.75,3.4,2.45,3.2,3.4,2.2,2.75,3.6,2.3,3.0,3.3,2.15,2.85,3.45,2.42,3.2,3.55,2.18,2.8,3.6,2.3,2.95,3.6,2.25,2.65,3.2,2.5,3.1,3.6,2.25,2.88,3.4,2.57,3.15,3.5,2.34,3.0,3.45,2.47,3.25,3.65,2.23,2.97,3.4,2.45,3.21,3.61,2.21,2.85,3.6,2.37,3.05,3.46,2.39,2.75,3.45,2.5,3.1,3.55,2.25,3.03,3.47,2.49,3.28,3.69,2.25,2.86,3.66,2.34,3.13,3.58,2.22,3.02,3.44,2.23,3.17,3.62,2.23,2.52,3.69,2.83,3.23,3.66,2.27,2.85,3.3,2.5,3.25,3.5,2.2,3.03,3.47,2.49,3.33,3.64,2.25,2.8,3.5,2.38,3.1,3.5,2.2,1.04,1.01,1.04,3.23,3.52,2.24,2.47,3.48,2.39,3.33,3.87,2.21,2.71,3.6,2.49,3.25,3.74,2.22,,,,,,,,,,,,
23,italy,serie-a,Atalanta,Napoli,2022-11-05,17:00:00,1,2,1,2,0,0,3.32,3.77,2.16,3.23,3.66,2.24,2.89,3.72,2.49,3.64,3.65,2.07,2.55,3.45,2.6,3.2,3.55,2.15,3.2,3.5,2.15,3.3,3.6,2.15,3.25,3.7,2.0,3.1,3.4,2.05,2.78,3.55,2.42,3.15,3.55,2.22,3.0,3.7,2.2,3.2,3.5,2.2,3.2,3.5,2.05,3.2,3.55,2.2,3.75,3.8,2.0,3.3,3.65,2.22,3.32,3.77,2.16,3.23,3.66,2.24,3.29,3.73,2.14,3.2,3.62,2.22,3.23,3.72,2.12,3.17,3.67,2.24,3.2,3.6,2.2,3.2,3.55,2.2,3.36,3.81,2.17,3.31,3.67,2.24,3.24,3.72,2.12,3.4,3.84,2.24,2.53,3.47,2.59,3.23,3.6,2.21,2.51,3.56,2.92,3.38,3.68,2.24,3.25,3.65,2.1,3.2,3.6,2.17,3.36,3.81,2.17,3.3,3.71,2.23,3.25,3.6,2.1,3.25,3.4,2.2,1.04,1.01,1.04,3.28,3.61,2.2,3.23,3.52,1.94,3.43,3.72,2.21,3.55,3.89,1.96,3.4,3.7,2.22,,,,,,,,,,,,
24,italy,serie-a,ACMilan,Spezia,2022-11-05,19:45:00,2,1,1,0,1,1,1.21,7.1,17.0,1.23,6.9,14.0,1.2,8.2,16.0,1.25,6.61,12.4,1.17,7.0,14.0,1.22,6.4,12.0,1.22,6.0,12.0,1.2,6.5,15.0,1.15,7.0,15.0,1.17,6.0,13.0,1.21,6.9,12.5,1.21,6.9,12.5,1.18,7.75,14.5,1.22,6.5,13.0,1.2,6.0,10.5,1.21,6.75,13.0,1.24,6.4,15.0,1.24,6.75,13.5,1.21,7.1,17.0,1.23,6.9,14.0,1.2,6.9,15.0,1.23,6.7,13.0,1.22,6.42,14.05,1.23,6.54,14.01,1.25,6.25,12.0,1.22,6.75,13.0,1.22,7.3,17.0,1.24,7.1,14.0,1.23,6.3,12.75,1.22,6.6,12.75,1.17,6.95,14.2,1.23,6.8,12.64,1.19,7.68,19.0,1.23,7.02,14.65,1.2,6.25,13.5,1.2,6.75,13.0,1.22,7.3,17.0,1.26,6.5,14.0,1.22,5.8,15.0,1.22,6.0,13.0,1.04,1.01,1.04,1.22,6.89,16.67,1.14,6.15,13.87,1.24,7.14,16.84,1.25,5.9,12.27,1.24,7.08,16.19,,,,,,,,,,,,
25,italy,serie-a,Bologna,Torino,2022-11-06,11:30:00,2,1,0,1,2,0,3.09,3.28,2.49,2.99,3.14,2.65,3.06,3.42,2.52,3.3,3.18,2.42,2.9,3.25,2.4,3.0,3.1,2.5,3.0,3.2,2.37,3.0,3.1,2.45,3.0,3.3,2.3,2.88,2.9,2.4,2.92,3.35,2.42,2.9,3.15,2.55,2.95,3.3,2.37,2.95,3.1,2.5,2.9,3.0,2.45,3.05,3.05,2.5,3.15,3.15,2.52,3.05,3.15,2.6,3.09,3.28,2.49,2.99,3.14,2.65,3.06,3.25,2.47,2.96,3.11,2.63,2.98,3.38,2.39,3.13,3.07,2.57,2.9,3.2,2.55,3.0,3.1,2.5,3.12,3.31,2.51,3.02,3.17,2.68,2.99,3.38,2.39,2.97,3.26,2.46,2.91,3.23,2.4,3.05,3.14,2.54,3.08,3.4,2.48,3.19,3.15,2.58,3.1,3.2,2.4,2.9,3.05,2.63,3.12,3.31,2.51,3.02,3.17,2.68,3.0,3.25,2.38,3.1,3.0,2.45,2.77,2.81,2.29,3.04,3.09,2.58,2.74,3.03,2.39,3.18,3.13,2.62,2.94,3.16,2.55,3.11,3.06,2.59,,,,,,,,,,,,
26,italy,serie-a,Sampdoria,Fiorentina,2022-11-06,14:00:00,0,2,0,1,0,1,4.6,3.59,1.88,4.33,3.53,1.94,3.9,3.7,2.04,4.48,3.51,1.91,3.85,3.6,1.87,4.2,3.5,1.87,3.8,3.6,1.9,4.33,3.4,1.85,3.9,3.8,1.83,4.33,3.3,1.75,3.7,3.55,1.98,4.1,3.55,1.9,4.1,3.6,1.85,4.2,3.5,1.88,3.95,3.25,1.9,4.35,3.45,1.9,4.75,3.4,1.9,4.5,3.5,1.93,4.6,3.59,1.88,4.5,3.58,1.9,4.5,3.55,1.87,4.4,3.47,1.91,4.17,3.65,1.87,4.27,3.47,1.95,3.95,3.5,1.95,4.2,3.5,1.9,4.6,3.63,1.89,4.5,3.63,1.91,4.1,3.64,1.89,4.2,3.62,1.87,3.87,3.61,1.87,4.3,3.57,1.89,3.96,3.6,2.03,4.57,3.53,1.92,4.0,3.35,1.95,4.5,3.55,1.83,4.6,3.63,1.89,4.5,3.63,1.91,4.2,3.4,1.88,4.33,3.4,1.88,1.25,2.54,1.59,4.61,3.47,1.87,3.87,3.23,1.85,4.76,3.48,1.94,4.14,3.4,1.95,4.72,3.45,1.94,,,,,,,,,,,,
27,italy,serie-a,Monza,Verona,2022-11-06,14:00:00,2,0,0,0,2,0,2.25,3.47,3.36,2.2,3.47,3.5,2.34,3.58,3.22,2.15,3.74,3.52,2.1,3.4,3.35,2.17,3.4,3.3,2.15,3.4,3.3,2.15,3.4,3.3,2.15,3.5,3.0,2.05,3.25,3.3,2.22,3.45,3.15,2.18,3.45,3.25,2.2,3.5,3.2,2.15,3.4,3.4,2.15,3.25,3.15,2.15,3.4,3.35,2.24,3.35,3.5,2.25,3.5,3.35,2.25,3.47,3.36,2.17,3.47,3.56,2.23,3.41,3.33,2.18,3.41,3.45,2.18,3.6,3.19,2.2,3.41,3.48,2.2,3.4,3.3,2.2,3.4,3.3,2.27,3.5,3.4,2.19,3.5,3.6,2.19,3.54,3.22,2.12,3.6,3.34,2.1,3.38,3.35,2.21,3.45,3.36,2.16,3.53,3.63,2.22,3.5,3.5,2.2,3.4,3.3,2.15,3.4,3.45,2.27,3.5,3.4,2.19,3.5,3.6,2.2,3.4,3.2,2.15,3.5,3.3,1.71,2.5,2.22,2.18,3.38,3.52,2.05,3.23,3.18,2.25,3.43,3.57,2.1,3.4,3.3,2.23,3.45,3.5,,,,,,,,,,,,
28,italy,serie-a,ASRoma,Lazio,2022-11-06,17:00:00,0,1,0,1,0,0,2.24,3.62,3.27,2.18,3.3,3.73,2.26,3.68,3.3,2.06,3.48,3.86,1.92,3.65,3.7,2.13,3.25,3.5,2.15,3.5,3.2,2.15,3.3,3.5,2.0,3.7,3.25,2.1,3.1,3.6,2.12,3.55,3.35,2.18,3.25,3.55,2.15,3.6,3.1,2.15,3.25,3.5,2.1,3.35,3.2,2.15,3.2,3.6,2.08,3.45,3.8,2.2,3.3,3.7,2.24,3.62,3.27,2.09,3.34,3.96,2.22,3.58,3.23,2.12,3.36,3.7,2.18,3.61,3.19,2.09,3.32,3.92,2.2,3.5,3.2,2.15,3.3,3.55,2.26,3.66,3.3,2.14,3.38,3.9,2.16,3.68,3.18,2.25,3.4,3.8,1.92,3.63,3.68,2.18,3.31,3.58,1.75,4.03,4.92,2.22,3.29,3.73,2.15,3.5,3.3,2.05,3.4,3.7,2.26,3.66,3.3,2.14,3.38,3.9,2.2,3.5,3.1,2.1,3.25,3.6,1.7,2.58,2.2,2.18,3.23,3.71,2.03,3.38,3.08,2.23,3.33,3.82,1.98,3.6,3.89,2.22,3.3,3.79,,,,,,,,,,,,
29,italy,serie-a,Juventus,Inter,2022-11-06,19:45:00,2,0,0,0,2,0,2.38,3.5,3.1,3.11,3.31,2.46,2.8,3.58,2.64,3.35,3.33,2.31,2.65,3.4,2.5,3.0,3.25,2.37,2.5,3.3,2.75,3.0,3.25,2.4,2.55,3.5,2.55,2.9,3.1,2.3,2.52,3.45,2.72,2.92,3.35,2.42,2.3,3.5,2.95,3.0,3.3,2.37,2.9,3.15,2.35,3.05,3.25,2.4,3.25,3.3,2.4,3.15,3.3,2.45,2.38,3.5,3.1,3.11,3.31,2.46,2.36,3.45,3.07,3.08,3.28,2.44,2.34,3.48,2.99,3.12,3.28,2.44,2.6,3.3,2.8,3.05,3.25,2.4,2.4,3.52,3.14,3.14,3.35,2.48,2.4,3.52,2.86,3.32,3.42,2.45,2.54,3.4,2.62,3.08,3.33,2.41,2.68,3.51,2.75,3.21,3.33,2.43,2.55,3.3,2.8,3.05,3.25,2.4,2.4,3.52,3.14,3.14,3.35,2.48,2.35,3.3,3.0,3.2,3.2,2.3,1.87,2.42,2.03,3.14,3.23,2.44,2.84,3.08,2.29,3.18,3.33,2.5,3.11,3.35,2.37,3.16,3.3,2.49,,,,,,,,,,,,
30,italy,serie-a,Spezia,Udinese,2022-11-08,17:30:00,1,1,1,1,0,0,4.5,3.73,1.86,3.89,3.57,2.03,4.54,3.8,1.88,4.12,3.56,1.97,4.3,3.75,1.76,3.65,3.5,2.0,4.75,3.5,1.75,3.8,3.5,2.0,4.33,3.6,1.75,3.75,3.5,1.95,4.4,3.7,1.8,3.7,3.45,2.02,4.2,3.75,1.8,3.7,3.5,2.0,4.3,3.65,1.71,3.75,3.5,2.0,5.0,3.65,1.8,3.85,3.55,2.04,4.5,3.73,1.86,3.89,3.57,2.03,4.4,3.69,1.85,3.84,3.53,2.01,4.47,3.87,1.81,4.09,3.68,1.93,4.3,3.65,1.83,3.7,3.55,2.0,4.5,3.77,1.88,3.93,3.61,2.05,4.25,3.74,1.83,3.66,3.68,1.98,4.29,3.73,1.76,3.74,3.58,2.03,4.55,3.84,1.72,3.98,3.66,2.01,4.5,3.7,1.79,3.85,3.6,1.95,4.5,3.77,1.88,3.93,3.61,2.05,4.5,3.6,1.78,3.9,3.4,1.95,4.52,3.52,1.73,3.85,3.61,1.99,4.37,3.48,1.68,4.07,3.72,2.01,4.33,3.65,1.78,3.94,3.65,1.98,,,,,,,,,,,,
31,italy,serie-a,Napoli,Empoli,2022-11-08,17:30:00,2,0,0,0,2,0,1.17,8.3,19.0,1.27,6.6,11.0,1.21,8.0,15.0,1.3,6.17,9.84,1.17,6.8,14.0,1.28,6.0,9.0,1.16,8.0,12.0,1.28,6.0,9.0,1.13,8.0,17.0,1.22,6.0,10.5,1.15,8.3,16.5,1.27,5.9,10.5,1.2,7.5,12.5,1.29,6.0,9.25,1.15,7.0,13.0,1.26,6.0,9.75,1.18,7.75,18.0,1.29,6.35,10.5,1.17,8.3,19.0,1.27,6.6,11.0,1.16,8.0,19.0,1.26,6.3,11.0,1.18,7.99,16.17,1.27,6.33,10.98,1.15,7.75,17.0,1.27,6.5,9.5,1.17,8.5,19.0,1.28,6.7,11.0,1.17,7.9,14.75,1.27,6.15,10.0,1.17,6.86,14.15,1.3,6.19,9.24,1.18,6.82,14.04,1.28,6.45,10.67,1.19,7.5,13.0,1.28,6.0,9.5,1.17,8.5,19.0,1.28,6.7,11.0,1.17,7.0,17.0,1.27,5.8,10.0,1.15,7.08,15.25,1.28,6.51,11.45,1.17,7.53,14.86,1.3,6.54,11.89,1.19,7.27,15.21,1.28,6.49,12.27,,,,,,,,,,,,
32,italy,serie-a,Cremonese,ACMilan,2022-11-08,19:45:00,0,0,0,0,0,0,7.1,4.5,1.5,6.6,4.1,1.58,5.9,4.16,1.65,6.98,4.04,1.57,5.6,3.95,1.56,5.8,4.1,1.54,6.0,4.0,1.53,6.5,4.0,1.57,6.5,4.6,1.4,6.0,4.0,1.53,6.9,4.45,1.47,6.4,3.95,1.55,5.5,4.4,1.55,6.0,4.1,1.55,6.0,4.05,1.47,6.5,3.95,1.54,7.2,4.15,1.54,6.4,4.05,1.6,7.1,4.5,1.5,6.6,4.1,1.58,7.0,4.4,1.49,6.5,4.0,1.57,6.02,4.47,1.55,6.15,4.08,1.59,6.75,4.3,1.5,6.0,4.2,1.55,7.2,4.6,1.51,6.7,4.1,1.59,6.4,4.6,1.48,6.45,4.15,1.53,5.62,3.97,1.56,5.98,4.26,1.57,5.96,4.19,1.62,6.75,4.14,1.6,6.25,4.1,1.54,6.25,3.95,1.57,7.2,4.6,1.51,6.7,4.1,1.59,6.0,4.2,1.53,7.0,3.9,1.52,5.28,3.76,1.48,6.7,4.14,1.55,5.85,4.07,1.44,7.34,4.27,1.56,6.1,4.23,1.45,7.27,4.04,1.56,,,,,,,,,,,,
33,italy,serie-a,Sassuolo,ASRoma,2022-11-09,17:30:00,1,1,0,0,1,1,3.79,3.65,2.03,3.45,3.66,2.14,3.42,3.86,2.15,3.52,3.67,2.11,3.15,3.65,2.08,3.4,3.5,2.08,3.8,3.6,1.9,3.25,3.6,2.15,3.25,3.7,2.0,3.3,3.4,2.1,3.35,3.7,2.08,3.25,3.55,2.18,3.1,3.9,2.05,3.4,3.5,2.1,3.6,3.45,1.9,3.25,3.45,2.2,3.55,3.7,2.1,3.35,3.6,2.22,3.79,3.65,2.03,3.55,3.6,2.13,3.74,3.61,2.02,3.41,3.62,2.12,3.72,3.88,1.97,3.39,3.67,2.14,3.5,3.7,2.05,3.25,3.5,2.2,3.83,3.69,2.05,3.5,3.7,2.16,3.66,3.8,1.95,3.5,3.65,2.26,3.16,3.66,2.08,3.3,3.55,2.2,3.88,3.88,1.97,3.34,3.62,2.24,3.55,3.75,1.98,3.3,3.55,2.14,3.83,3.69,2.05,3.5,3.7,2.16,3.6,3.6,2.0,3.4,3.4,2.1,3.61,3.47,1.95,3.33,3.52,2.18,3.48,3.52,1.85,3.48,3.57,2.25,3.5,3.7,2.0,3.4,3.55,2.22,,,,,,,,,,,,
34,italy,serie-a,Lecce,Atalanta,2022-11-09,17:30:00,2,1,2,1,0,0,4.3,3.66,1.91,3.76,3.26,2.18,4.44,3.96,1.86,3.8,3.19,2.2,4.1,3.65,1.81,3.3,3.2,2.24,4.33,3.5,1.83,3.3,3.1,2.3,4.2,3.8,1.75,3.5,3.1,2.2,4.25,3.95,1.78,3.35,3.15,2.28,3.9,3.9,1.83,3.3,3.2,2.25,4.15,3.5,1.76,3.35,3.15,2.3,4.65,3.65,1.85,3.6,3.25,2.25,4.3,3.66,1.91,4.0,3.32,2.08,4.2,3.62,1.9,3.62,3.21,2.21,4.31,3.6,1.9,4.07,3.29,2.06,4.3,3.6,1.85,3.35,3.2,2.3,4.33,3.7,1.93,3.7,3.29,2.24,4.2,3.78,1.83,3.68,3.26,2.12,4.07,3.67,1.81,3.34,3.25,2.31,3.91,3.73,2.0,3.47,3.26,2.34,4.25,3.6,1.85,3.55,3.2,2.18,4.33,3.7,1.93,3.7,3.29,2.24,4.33,3.5,1.83,3.5,3.1,2.2,3.85,3.33,1.81,3.38,3.18,2.31,4.07,3.48,1.72,3.52,3.28,2.33,4.04,3.55,1.85,3.5,3.21,2.35,,,,,,,,,,,,
35,italy,serie-a,Torino,Sampdoria,2022-11-09,19:45:00,2,0,1,0,1,0,1.64,4.1,5.7,1.68,3.57,6.5,2.01,3.64,4.08,1.69,3.59,6.16,1.9,3.45,3.9,1.65,3.5,6.0,1.61,3.8,5.5,1.65,3.5,6.0,1.87,3.5,4.0,1.62,3.3,5.5,1.9,3.55,4.1,1.65,3.55,5.9,1.93,3.7,3.75,1.66,3.5,6.0,1.57,3.8,5.25,1.66,3.5,6.0,1.65,3.95,6.0,1.68,3.6,6.4,1.64,4.1,5.7,1.67,3.61,6.4,1.63,4.0,5.6,1.67,3.52,6.4,1.65,3.96,5.67,1.7,3.64,5.77,1.67,3.85,5.25,1.67,3.5,6.0,1.65,4.1,5.8,1.69,3.61,6.6,1.63,3.9,5.55,1.67,3.62,5.75,1.9,3.47,3.92,1.67,3.61,6.08,1.56,4.29,6.62,1.65,3.64,6.95,1.65,3.85,5.5,1.7,3.45,5.8,1.65,4.1,5.8,1.69,3.61,6.6,1.63,3.7,5.8,1.65,3.5,6.0,1.6,3.76,5.09,1.67,3.52,6.51,1.51,3.57,5.75,1.68,3.62,7.14,1.63,3.7,5.7,1.69,3.6,7.08,,,,,,,,,,,,
36,italy,serie-a,Inter,Bologna,2022-11-09,19:45:00,6,1,3,1,3,0,1.33,5.7,10.0,1.39,5.3,8.1,1.22,7.6,15.0,1.43,5.21,7.2,1.26,5.4,11.0,1.41,4.9,6.6,1.3,5.5,8.5,1.4,5.0,6.5,1.22,5.5,11.0,1.33,4.75,7.5,1.27,5.9,10.5,1.4,4.9,7.3,1.27,6.0,11.0,1.41,4.8,7.0,1.27,5.5,8.5,1.37,5.25,7.5,1.33,5.75,10.0,1.41,5.25,7.85,1.33,5.7,10.0,1.41,5.1,8.0,1.32,5.6,9.8,1.38,5.2,8.0,1.32,5.62,9.82,1.37,5.23,8.89,1.3,5.75,10.0,1.43,4.9,6.75,1.33,5.8,10.0,1.4,5.4,8.3,1.31,5.5,9.6,1.39,5.05,7.6,1.26,5.49,10.73,1.43,5.09,6.89,1.27,6.42,12.38,1.42,5.18,7.72,1.3,5.6,9.0,1.4,5.1,7.0,1.33,5.8,10.0,1.4,5.4,8.3,1.3,5.0,11.0,1.38,4.75,8.0,1.24,5.09,9.55,1.39,5.09,8.98,1.28,5.36,9.51,1.44,5.16,8.52,1.31,5.41,9.23,1.42,5.02,8.84,,,,,,,,,,,,
37,italy,serie-a,Fiorentina,Salernitana,2022-11-09,19:45:00,2,1,1,0,1,1,1.56,4.4,6.2,1.54,4.4,6.5,1.82,3.84,4.82,1.59,4.31,5.8,1.77,3.7,4.3,1.54,4.2,5.8,1.55,4.0,6.0,1.53,4.2,6.0,1.73,3.7,4.5,1.47,4.0,6.0,1.8,3.7,4.4,1.55,4.3,5.9,1.78,3.9,4.2,1.55,4.1,5.75,1.47,4.05,6.0,1.52,4.2,6.0,1.6,4.25,6.0,1.58,4.35,6.0,1.56,4.4,6.2,1.54,4.4,6.5,1.55,4.4,6.0,1.53,4.33,6.4,1.56,4.41,5.95,1.57,4.34,5.95,1.55,4.4,5.5,1.6,4.0,5.75,1.57,4.5,6.2,1.55,4.5,6.6,1.57,4.2,5.7,1.54,4.3,5.95,1.77,3.68,4.27,1.56,4.34,5.99,1.43,4.94,8.13,1.55,4.41,6.49,1.54,4.2,6.0,1.54,4.2,6.0,1.57,4.5,6.2,1.55,4.5,6.6,1.55,4.0,6.0,1.53,4.0,6.5,1.52,4.04,5.56,1.55,4.23,6.51,1.47,4.07,6.15,1.57,4.47,6.74,1.54,4.14,5.8,1.57,4.43,6.68,,,,,,,,,,,,
38,italy,serie-a,Verona,Juventus,2022-11-10,17:30:00,0,1,0,0,0,1,4.3,3.62,1.92,5.5,3.85,1.7,4.04,3.72,2.0,6.59,4.09,1.57,3.9,3.5,1.9,5.6,3.95,1.59,4.2,3.5,1.85,6.0,4.0,1.57,3.9,3.5,1.87,5.5,3.5,1.6,4.1,3.55,1.9,5.9,3.95,1.58,3.75,3.7,1.93,5.75,3.9,1.6,4.05,3.35,1.83,5.75,3.85,1.62,4.85,3.75,1.8,5.75,3.95,1.68,4.3,3.62,1.92,5.5,3.94,1.69,4.2,3.57,1.91,5.4,3.8,1.69,3.95,3.65,1.97,5.92,3.94,1.63,4.1,3.55,1.9,5.5,3.85,1.65,4.33,3.66,1.94,5.5,3.9,1.72,3.84,3.62,1.95,6.4,4.15,1.53,3.89,3.49,1.9,4.45,3.64,1.85,4.08,3.57,2.01,5.6,3.95,1.69,4.1,3.5,1.91,5.8,3.75,1.63,4.33,3.66,1.94,5.5,3.99,1.7,3.9,3.4,1.95,6.0,3.75,1.6,3.66,3.18,1.87,6.32,3.8,1.63,4.17,3.43,1.74,6.74,4.17,1.61,4.14,3.5,1.8,6.68,4.14,1.61,4.33,3.5,1.83,6.0,3.9,1.57,,,,,,
39,italy,serie-a,Lazio,Monza,2022-11-10,19:45:00,1,0,0,0,1,0,1.74,4.1,4.8,1.68,3.9,5.6,1.5,4.98,6.8,1.68,3.88,5.56,1.49,4.3,6.0,1.7,3.7,5.0,1.72,4.0,4.5,1.66,3.75,5.0,1.44,4.5,6.5,1.67,3.6,5.0,1.5,4.3,6.4,1.72,3.7,4.9,1.5,4.5,6.0,1.71,3.7,5.0,1.66,3.75,4.5,1.68,3.65,5.25,1.68,4.1,5.35,1.72,3.85,5.4,1.74,4.1,4.8,1.72,3.77,5.4,1.73,4.0,4.75,1.71,3.73,5.3,1.76,4.1,4.52,1.72,3.77,5.34,1.73,4.0,4.5,1.7,3.75,5.0,1.75,4.1,4.9,1.69,3.95,5.7,1.74,4.05,4.4,1.68,3.9,5.05,1.49,4.3,6.04,1.72,3.8,5.09,1.56,4.53,6.17,1.75,3.8,5.35,1.71,3.9,4.7,1.7,3.75,5.2,1.75,4.1,4.9,1.74,3.82,5.5,1.7,3.8,4.75,1.67,3.7,5.25,1.67,3.76,4.42,1.73,3.66,5.56,1.61,3.82,4.56,1.76,3.82,5.55,1.69,3.89,4.53,1.76,3.79,5.51,1.6,3.8,5.75,1.7,3.6,5.0,,,,,,
40,italy,serie-a,Empoli,Cremonese,2022-11-11,19:45:00,2,0,0,0,2,0,2.2,3.47,3.5,2.62,3.3,2.89,2.65,3.34,2.95,2.42,3.37,3.12,2.55,3.15,2.8,2.55,3.1,2.9,2.2,3.4,3.1,2.55,3.25,2.87,2.45,3.3,2.8,2.4,3.2,3.0,2.52,3.25,2.88,2.52,3.25,2.88,2.25,3.6,3.0,2.5,3.25,2.8,2.25,3.25,3.05,2.5,3.25,2.9,2.35,3.4,3.2,2.55,3.35,2.95,2.2,3.47,3.5,2.62,3.3,2.89,2.18,3.45,3.45,2.6,3.27,2.87,2.16,3.76,3.28,2.54,3.28,2.98,2.25,3.45,3.15,2.5,3.3,2.9,2.21,3.51,3.52,2.65,3.33,2.92,1.93,3.66,3.88,2.47,3.24,2.97,2.53,3.13,2.82,2.34,3.44,3.11,2.13,3.6,3.63,2.61,3.31,2.97,2.28,3.45,3.1,2.6,3.25,2.75,2.21,3.51,3.52,2.65,3.33,2.92,2.3,3.4,3.0,2.4,3.2,3.0,2.01,3.28,3.0,2.5,3.23,3.0,2.17,3.38,2.82,2.64,3.33,2.98,2.14,3.35,2.9,2.63,3.3,2.96,2.3,3.4,3.0,2.5,3.2,2.8,2.55,3.35,2.85,2.55,3.3,2.9
41,italy,serie-a,Napoli,Udinese,2022-11-12,14:00:00,3,2,2,0,1,2,1.46,4.8,7.4,1.49,4.8,6.5,1.4,5.3,8.8,1.5,4.84,6.24,1.33,5.0,8.4,1.5,4.6,5.6,1.5,4.5,5.5,1.5,4.75,5.75,1.4,4.6,6.0,1.44,4.5,6.5,1.47,4.95,5.9,1.49,4.45,6.4,1.49,4.6,5.75,1.5,4.6,5.75,1.4,4.45,6.25,1.46,4.6,6.5,1.48,4.75,7.0,1.5,4.8,6.55,1.46,4.8,7.4,1.49,4.8,6.6,1.45,4.7,7.3,1.49,4.75,6.4,1.5,4.77,6.39,1.49,4.79,6.37,1.47,4.8,6.25,1.5,4.7,5.75,1.46,4.9,7.6,1.5,4.9,6.7,1.32,5.5,9.1,1.47,4.75,6.3,1.33,5.03,8.42,1.5,4.81,6.0,1.46,4.89,7.3,1.52,4.71,6.41,1.5,4.5,6.1,1.49,4.6,6.1,1.46,4.9,7.6,1.5,4.9,6.7,1.5,4.4,6.0,1.47,4.5,6.5,1.29,2.9,1.15,1.49,4.61,6.89,1.47,4.37,5.55,1.52,4.76,6.74,1.43,4.53,6.1,1.52,4.72,6.68,1.5,4.4,6.0,1.5,4.4,6.0,1.49,4.7,6.0,1.52,4.8,5.8
42,italy,serie-a,Sampdoria,Lecce,2022-11-12,17:00:00,0,2,0,1,0,1,2.58,3.16,3.07,3.02,2.87,2.85,2.61,3.26,3.07,3.09,2.83,2.83,2.49,3.05,2.95,2.9,2.8,2.8,2.45,3.1,2.9,3.0,2.75,2.75,2.4,3.1,2.88,2.8,2.63,2.75,2.52,3.15,2.95,2.98,2.88,2.72,2.45,3.25,2.9,2.95,2.8,2.75,2.55,2.9,2.85,2.95,2.75,2.85,2.6,3.15,3.05,2.95,2.9,2.95,2.58,3.16,3.07,3.02,2.87,2.85,2.55,3.13,3.04,2.99,2.84,2.82,2.48,3.31,3.03,3.0,2.9,2.8,2.55,3.15,2.95,2.9,2.8,2.85,2.6,3.19,3.11,3.05,2.9,2.88,2.58,3.48,2.67,2.88,2.89,2.81,2.49,3.03,2.96,2.65,3.08,2.96,2.57,3.25,3.07,3.07,2.84,2.91,2.63,3.05,2.9,2.9,2.8,2.8,2.6,3.19,3.11,3.05,2.9,2.88,2.55,3.1,2.88,3.0,2.75,2.8,2.48,3.0,2.9,3.0,2.79,2.9,2.45,2.94,2.72,3.08,2.86,2.96,2.49,3.01,2.84,3.01,2.84,3.01,2.55,3.0,2.9,2.8,2.87,2.75,2.65,3.05,2.95,2.95,2.85,2.85
43,italy,serie-a,Bologna,Sassuolo,2022-11-12,19:45:00,3,0,1,0,2,0,2.41,3.39,3.13,2.28,3.41,3.33,2.44,3.46,3.16,2.3,3.46,3.26,2.33,3.25,3.0,2.33,3.5,2.9,2.25,3.3,3.0,2.25,3.4,3.2,2.25,3.4,2.9,2.15,3.2,3.1,2.42,3.35,2.95,2.22,3.45,3.2,2.25,3.5,3.0,2.25,3.4,3.1,2.15,3.25,3.15,2.25,3.4,3.2,2.44,3.35,3.1,2.36,3.4,3.23,2.41,3.39,3.13,2.28,3.41,3.33,2.39,3.35,3.1,2.26,3.39,3.3,2.33,3.62,3.03,2.27,3.53,3.21,2.35,3.4,3.05,2.25,3.4,3.15,2.43,3.41,3.16,2.3,3.47,3.37,2.54,3.48,2.71,2.21,3.52,3.2,2.33,3.25,3.0,2.37,3.54,2.98,2.23,3.52,3.1,2.3,3.4,3.41,2.38,3.45,2.9,2.32,3.2,3.25,2.43,3.41,3.16,2.3,3.47,3.37,2.35,3.4,2.9,2.2,3.3,3.3,2.25,3.23,3.0,2.25,3.38,3.33,2.25,3.28,2.72,2.33,3.38,3.48,2.37,3.21,2.92,2.31,3.4,3.45,2.3,3.4,3.0,2.2,3.3,3.2,2.33,3.5,2.95,2.27,3.45,3.2
44,italy,serie-a,Atalanta,Inter,2022-11-13,11:30:00,2,3,1,1,1,2,2.89,3.67,2.43,2.95,3.69,2.38,2.87,3.68,2.53,3.14,3.65,2.28,2.7,3.55,2.4,2.85,3.55,2.34,2.8,3.5,2.3,2.87,3.6,2.37,2.7,3.6,2.3,2.88,3.4,2.25,2.8,3.55,2.42,2.95,3.55,2.32,2.87,3.75,2.25,2.9,3.6,2.3,2.95,3.5,2.2,2.85,3.55,2.4,3.15,3.6,2.32,3.1,3.5,2.4,2.89,3.67,2.43,2.95,3.69,2.38,2.87,3.63,2.41,2.92,3.65,2.36,2.83,3.84,2.38,3.12,3.57,2.3,2.95,3.65,2.3,2.85,3.6,2.35,2.92,3.71,2.45,2.9,3.73,2.46,2.6,3.8,2.49,3.1,3.65,2.47,2.71,3.53,2.4,2.95,3.68,2.33,2.83,3.71,2.5,3.05,3.7,2.36,3.15,3.6,2.18,2.85,3.6,2.35,2.92,3.71,2.45,2.9,3.73,2.46,3.1,3.5,2.2,3.0,3.5,2.3,2.67,3.38,2.27,2.95,3.57,2.37,2.8,3.52,2.13,3.13,3.77,2.37,2.92,3.5,2.27,3.01,3.7,2.35,2.9,3.5,2.3,2.8,3.5,2.35,3.0,3.65,2.26,2.9,3.65,2.37
45,italy,serie-a,Verona,Spezia,2022-11-13,14:00:00,1,2,1,0,0,2,1.95,3.67,4.1,2.01,3.64,3.88,1.88,3.88,4.4,1.97,3.65,4.04,1.78,3.7,4.2,1.98,3.6,3.6,1.9,3.5,3.75,2.0,3.6,3.75,1.75,3.9,4.2,1.95,3.5,3.7,1.85,3.7,4.15,1.98,3.7,3.55,1.95,3.6,3.6,2.0,3.6,3.6,1.9,3.4,3.75,2.0,3.6,3.65,2.1,3.55,3.7,2.05,3.6,3.8,1.95,3.67,4.1,2.01,3.64,3.88,1.93,3.63,4.1,2.0,3.6,3.83,1.97,3.77,3.81,2.02,3.53,3.89,1.95,3.6,3.8,2.0,3.65,3.6,1.96,3.71,4.2,2.03,3.68,3.92,1.93,3.66,3.88,1.98,3.74,3.6,1.78,3.7,4.19,2.17,3.44,3.46,1.75,4.03,4.87,2.01,3.69,3.93,1.97,3.55,3.85,2.04,3.35,3.8,1.96,3.71,4.2,2.03,3.68,3.92,1.95,3.5,3.8,1.95,3.5,3.8,1.86,3.42,3.52,1.97,3.61,3.85,1.86,3.38,3.62,2.03,3.67,3.97,1.92,3.5,3.7,2.0,3.7,4.04,2.05,3.4,3.5,1.91,3.6,3.75,2.13,3.45,3.45,1.99,3.75,3.75
46,italy,serie-a,Monza,Salernitana,2022-11-13,14:00:00,3,0,2,0,1,0,2.2,2.97,4.2,1.98,3.5,4.2,2.25,2.96,4.28,2.06,3.49,3.87,2.12,2.85,4.0,1.96,3.4,3.9,2.05,3.1,3.8,1.95,3.4,4.0,2.0,3.25,3.7,1.91,3.3,4.1,2.25,2.95,3.7,2.02,3.45,3.7,2.05,3.6,3.4,1.98,3.4,3.9,2.05,3.0,3.8,2.0,3.35,4.0,2.2,3.25,3.75,2.05,3.45,4.0,2.2,2.97,4.2,1.98,3.5,4.2,2.18,2.94,4.2,1.97,3.45,4.1,2.06,3.68,3.59,2.03,3.35,4.11,2.1,3.25,3.85,1.97,3.45,3.9,2.22,3.0,4.3,2.0,3.53,4.2,1.93,3.66,3.88,2.01,3.3,4.05,2.12,2.85,4.03,2.13,3.44,3.57,2.04,2.96,4.36,1.97,3.46,4.4,2.04,3.35,3.85,2.0,3.35,3.9,2.22,3.0,4.3,2.0,3.53,4.2,2.1,3.4,3.5,2.0,3.25,3.9,2.01,3.14,4.14,1.99,3.38,4.14,1.93,3.28,3.48,1.99,3.48,4.56,2.1,3.4,3.55,2.0,3.4,4.33,2.05,3.4,3.5,1.95,3.4,3.8,2.13,3.4,3.5,1.98,3.5,4.0
47,italy,serie-a,ASRoma,Torino,2022-11-13,14:00:00,1,1,0,0,1,1,1.88,3.77,4.3,1.86,3.37,5.1,1.93,3.86,4.16,1.81,3.5,5.2,1.79,3.85,4.0,1.8,3.4,4.8,1.8,3.5,4.2,1.8,3.4,4.75,1.8,3.6,4.2,1.8,3.2,5.0,1.85,3.55,4.25,1.85,3.35,4.65,1.85,3.5,4.2,1.85,3.3,4.75,1.76,3.65,4.1,1.83,3.35,4.75,1.87,3.5,4.75,1.9,3.35,5.0,1.88,3.77,4.3,1.86,3.37,5.1,1.87,3.73,4.2,1.84,3.35,5.1,1.9,3.61,4.3,1.87,3.3,5.12,1.83,3.6,4.4,1.83,3.4,4.8,1.89,3.81,4.33,1.88,3.41,5.2,1.93,3.66,3.88,1.83,3.48,4.65,1.79,3.84,3.99,1.9,3.54,4.31,1.81,3.88,4.04,1.87,3.38,5.2,1.8,3.65,4.5,1.83,3.25,5.1,1.89,3.81,4.33,1.88,3.41,5.2,1.8,3.5,4.6,1.78,3.25,5.25,1.79,3.57,3.94,1.86,3.28,5.28,1.73,3.38,4.37,1.89,3.38,5.36,1.81,3.6,4.23,1.87,3.35,5.31,1.8,3.4,4.75,1.8,3.3,5.0,1.92,3.45,4.2,1.82,3.5,4.9
48,italy,serie-a,ACMilan,Fiorentina,2022-11-13,17:00:00,2,1,1,1,1,0,1.75,4.2,4.6,1.67,3.99,5.5,1.85,4.06,4.38,1.65,4.04,5.64,1.75,3.85,4.1,1.65,3.95,5.0,1.72,3.8,4.2,1.65,4.0,5.0,1.7,3.9,4.5,1.6,3.7,5.0,1.78,3.95,4.25,1.65,4.1,4.9,1.77,3.75,4.4,1.66,3.9,5.0,1.71,3.75,4.25,1.64,3.9,5.25,1.75,3.85,5.0,1.7,3.95,5.35,1.75,4.2,4.6,1.67,3.99,5.5,1.74,4.1,4.5,1.66,3.94,5.5,1.77,3.85,4.72,1.66,3.94,5.58,1.77,3.85,4.4,1.7,3.85,4.9,1.76,4.2,4.7,1.68,4.0,5.6,1.93,3.66,3.88,1.65,4.05,5.1,1.75,3.87,4.14,1.72,3.97,4.83,1.75,4.04,4.17,1.69,3.91,5.61,1.71,3.85,4.8,1.64,3.95,5.2,1.76,4.2,4.7,1.68,4.0,5.6,1.73,3.7,4.75,1.63,3.8,5.5,1.69,3.76,4.23,1.67,3.85,5.56,1.66,3.52,4.56,1.7,3.97,5.65,1.73,3.74,4.82,1.71,3.94,5.7,1.73,3.7,4.75,1.67,3.8,5.2,1.72,3.9,4.8,1.66,4.1,5.2
49,italy,serie-a,Juventus,Lazio,2022-11-13,19:45:00,3,0,1,0,2,0,1.99,3.83,3.74,1.9,3.47,4.6,2.04,3.86,3.76,1.96,3.43,4.37,1.92,3.6,3.65,1.86,3.35,4.5,1.95,3.5,3.6,1.83,3.3,4.5,1.91,3.6,3.7,1.8,3.2,4.33,1.95,3.7,3.7,1.88,3.35,4.45,2.0,3.6,3.4,1.85,3.3,4.6,1.86,3.45,3.9,1.86,3.35,4.55,2.0,3.5,4.1,1.92,3.4,4.65,1.99,3.83,3.74,1.9,3.47,4.6,1.98,3.79,3.7,1.89,3.45,4.6,2.07,3.74,3.51,1.87,3.47,4.72,1.95,3.6,3.75,1.9,3.4,4.5,2.01,3.88,3.78,1.91,3.52,4.7,1.93,3.66,3.88,1.93,3.5,5.0,1.92,3.62,3.66,1.98,3.56,3.93,1.93,3.65,3.76,1.9,3.39,4.95,1.89,3.6,4.1,1.92,3.3,4.4,2.01,3.88,3.78,1.91,3.52,4.7,1.91,3.5,4.0,1.88,3.25,4.5,1.99,3.52,3.52,1.89,3.33,4.8,1.83,3.38,3.67,1.91,3.43,5.16,1.93,3.55,3.89,1.92,3.4,5.02,1.91,3.5,4.0,1.85,3.25,4.6,1.98,3.5,3.9,1.91,3.55,4.7
